uniprot_id,gene,length,molecular_weight,isoelectric_point,instability_index,aromaticity,gravy,charge_ph7,aa_A,aa_C,aa_D,aa_E,aa_F,aa_G,aa_H,aa_I,aa_K,aa_L,aa_M,aa_N,aa_P,aa_Q,aa_R,aa_S,aa_T,aa_V,aa_W,aa_Y,dp_LL,dp_VV,dp_FF,dp_WW,dp_GG,dp_PP,dp_KK,dp_RR,dp_DE,dp_KR,hydrophobic_fraction,positive_fraction,negative_fraction,charge_ratio,polar_fraction,tiny_fraction,cysteine_count,sequence_entropy
tr|A6T4M8|A6T4M8_KLEP7,murE,495,53328.03,5.863,28.946,0.0566,-0.079,-11.267,0.13131,0.01212,0.06263,0.05253,0.0202,0.08889,0.03434,0.03636,0.03434,0.10505,0.02626,0.03636,0.03434,0.04444,0.05859,0.04848,0.04646,0.09091,0.01414,0.02222,0.02024,0.01215,0.0,0.0,0.00202,0.0,0.0,0.00607,0.00202,0.00202,0.3152,0.1273,0.1152,0.0121,0.1758,0.2687,6,4.068
tr|A6T4M7|A6T4M7_KLEP7,ftsI,588,64001.87,9.589,33.227,0.0731,-0.1335,16.406,0.09864,0.0034,0.04422,0.04762,0.02721,0.09014,0.0119,0.05442,0.05102,0.08673,0.02891,0.04422,0.05442,0.03061,0.06973,0.06293,0.05782,0.09014,0.0102,0.03571,0.00511,0.00681,0.0,0.0,0.01193,0.0017,0.00341,0.0017,0.0017,0.0017,0.3333,0.1327,0.0918,0.0408,0.1956,0.2517,2,4.0878
tr|A6T4M9|A6T4M9_KLEP7,murF,452,47524.57,5.529,25.906,0.0465,0.1177,-10.503,0.15708,0.01327,0.04425,0.05752,0.02655,0.08407,0.02212,0.03982,0.03097,0.10841,0.02212,0.04867,0.02876,0.03982,0.04867,0.0531,0.06858,0.08628,0.01106,0.00885,0.0133,0.00887,0.0,0.0,0.0,0.0,0.0,0.0,0.00222,0.0,0.3031,0.1018,0.1018,0.0,0.2102,0.2942,6,3.993
sp|A6T4N0|MRAY_KLEP7,mraY,360,39937.3,9.647,26.486,0.1361,0.8,10.437,0.08611,0.00556,0.025,0.02222,0.06667,0.09722,0.01944,0.075,0.03333,0.13611,0.03611,0.025,0.03889,0.01944,0.04444,0.03611,0.05,0.11389,0.02778,0.04167,0.01393,0.01114,0.00279,0.0,0.00836,0.0,0.0,0.0,0.0,0.00279,0.4972,0.0972,0.0472,0.05,0.1306,0.2194,2,4.0138
tr|A6T4N1|A6T4N1_KLEP7,murD,438,46862.25,5.233,26.128,0.0571,0.0589,-11.66,0.11872,0.01598,0.06164,0.05479,0.0274,0.09589,0.01598,0.03653,0.03881,0.13014,0.02968,0.03653,0.03653,0.03653,0.05251,0.04566,0.05936,0.07763,0.00685,0.02283,0.01144,0.00458,0.00229,0.0,0.00915,0.00229,0.00229,0.0,0.00229,0.00229,0.3311,0.1073,0.1164,-0.0091,0.1781,0.2603,7,4.0411
tr|A6T4N2|A6T4N2_KLEP7,ftsW,424,47208.08,10.107,29.832,0.1179,0.6828,14.311,0.09906,0.00472,0.0283,0.0283,0.07075,0.08255,0.00708,0.07311,0.02594,0.15802,0.05189,0.02123,0.04481,0.0283,0.06604,0.0566,0.03774,0.0684,0.02358,0.02358,0.02128,0.01182,0.00236,0.0,0.00236,0.0,0.0,0.00236,0.00236,0.00236,0.4693,0.0991,0.0566,0.0425,0.1439,0.2382,2,3.9864
sp|A6T4N3|MURG_KLEP7,murG,356,38043.55,9.569,36.126,0.0646,0.0419,6.528,0.14607,0.00281,0.03933,0.04213,0.02809,0.10674,0.02247,0.04494,0.04213,0.08708,0.0309,0.01966,0.05337,0.06742,0.05899,0.03371,0.03933,0.09831,0.02528,0.01124,0.00563,0.0169,0.0,0.0,0.0169,0.0,0.00282,0.0,0.0,0.00563,0.3258,0.1236,0.0815,0.0421,0.1601,0.2865,1,3.9976
sp|A6T4N4|MURC_KLEP7,murC,491,53491.12,5.878,30.366,0.0611,-0.1222,-12.084,0.11813,0.00407,0.06721,0.05499,0.03462,0.0835,0.0387,0.06314,0.02444,0.08554,0.02648,0.0387,0.04684,0.03666,0.07332,0.04073,0.05295,0.0835,0.00204,0.02444,0.00408,0.00612,0.0,0.0,0.00612,0.0,0.0,0.00612,0.00204,0.0,0.3198,0.1365,0.1222,0.0143,0.169,0.2424,2,4.062
sp|A6T4N9|LPXC_KLEP7,lpxC,305,34045.71,5.547,32.135,0.0918,-0.0433,-7.635,0.10164,0.01967,0.08525,0.04918,0.05902,0.0623,0.02295,0.0623,0.04918,0.09508,0.02951,0.04262,0.03934,0.02295,0.0623,0.03607,0.05574,0.07213,0.00656,0.02623,0.00987,0.00329,0.0,0.0,0.00329,0.00329,0.00658,0.00329,0.00658,0.00329,0.3508,0.1344,0.1344,0.0,0.1574,0.2,6,4.1307
sp|A6T4P1|SECA_KLEP7,secA,901,101959.63,5.421,38.948,0.0622,-0.4837,-29.032,0.0899,0.00444,0.06215,0.09989,0.02775,0.06215,0.02553,0.05882,0.05549,0.08546,0.04107,0.03441,0.02997,0.0455,0.07436,0.05105,0.05327,0.06437,0.00777,0.02664,0.00444,0.00778,0.0,0.0,0.00333,0.00111,0.00111,0.00556,0.00778,0.00333,0.3119,0.1554,0.162,-0.0067,0.1842,0.2031,4,4.1138
tr|A6T4Y1|A6T4Y1_KLEP7,lpxD,341,35951.97,5.699,32.732,0.0411,0.149,-5.694,0.1085,0.02053,0.06158,0.03226,0.01173,0.10557,0.0176,0.09971,0.03812,0.05572,0.03812,0.05279,0.03812,0.04692,0.04106,0.05279,0.04985,0.09971,0.0088,0.02053,0.0,0.01471,0.0,0.0,0.00588,0.0,0.0,0.0,0.00294,0.00294,0.3343,0.0968,0.0938,0.0029,0.2023,0.2669,7,4.0599
sp|A6T4Y2|FABZ_KLEP7,fabZ,151,17024.74,6.429,36.912,0.0927,0.0351,-1.627,0.07285,0.01325,0.03974,0.09272,0.07285,0.07947,0.02649,0.04636,0.05298,0.10596,0.03974,0.01325,0.0596,0.01987,0.07285,0.01987,0.0596,0.09272,0.0,0.01987,0.01333,0.01333,0.00667,0.0,0.0,0.0,0.0,0.00667,0.00667,0.00667,0.3775,0.1523,0.1325,0.0199,0.1126,0.1722,2,4.0213
sp|A6T4Y7|ACCA_KLEP7,accA,319,35311.22,5.495,43.852,0.0627,-0.211,-6.641,0.11599,0.00627,0.0627,0.08777,0.02821,0.07837,0.01254,0.0721,0.05016,0.10972,0.03448,0.02194,0.05016,0.02821,0.0815,0.05329,0.02508,0.04702,0.00627,0.02821,0.00943,0.0,0.0,0.0,0.01258,0.0,0.0,0.00943,0.01258,0.0,0.326,0.1442,0.1505,-0.0063,0.1285,0.2476,2,4.0194
tr|A6T5N3|A6T5N3_KLEP7,dnaX,635,69604.79,6.08,46.731,0.0425,-0.2394,-8.332,0.14488,0.00945,0.04409,0.08346,0.01732,0.04252,0.02362,0.03622,0.04094,0.12126,0.01732,0.02047,0.06457,0.05827,0.07402,0.05354,0.05354,0.06929,0.00945,0.01575,0.0142,0.00315,0.00158,0.0,0.0,0.00789,0.00473,0.00315,0.00315,0.0,0.2866,0.1386,0.1276,0.011,0.1858,0.2409,6,3.9843
sp|A6T5R0|LPXH_KLEP7,lpxH,240,27086.71,5.823,35.344,0.0875,-0.0654,-9.252,0.11667,0.00833,0.07083,0.05417,0.05,0.0625,0.05833,0.0625,0.02083,0.10417,0.03333,0.02083,0.04583,0.05417,0.06667,0.03333,0.03333,0.06667,0.02083,0.01667,0.00418,0.01255,0.0,0.0,0.0,0.0,0.0,0.0,0.0,0.0,0.3542,0.1458,0.125,0.0208,0.1417,0.2125,2,4.1035
tr|A6T5S5|A6T5S5_KLEP7,lpxL,306,35055.87,9.717,46.222,0.1078,-0.0618,9.391,0.0817,0.00654,0.01961,0.06536,0.03595,0.07516,0.01634,0.04575,0.03595,0.12745,0.05882,0.03268,0.0719,0.02288,0.0817,0.03922,0.05882,0.05229,0.03922,0.03268,0.01967,0.00328,0.0,0.0,0.0,0.00656,0.0,0.00984,0.0,0.0,0.3922,0.134,0.085,0.049,0.1536,0.1961,2,4.1015
sp|A6T748|FABA_KLEP7,fabA,172,19083.93,5.712,22.254,0.1047,-0.068,-2.718,0.05814,0.01163,0.07558,0.05233,0.05233,0.13372,0.01163,0.0407,0.06395,0.11628,0.04651,0.02907,0.0407,0.02326,0.05233,0.01744,0.04651,0.07558,0.01744,0.03488,0.00585,0.0,0.00585,0.0,0.0117,0.0,0.00585,0.00585,0.0,0.0117,0.3837,0.1279,0.1279,0.0,0.1163,0.2093,2,4.0572
sp|A6T7F1|FABH_KLEP7,fabH,317,33421.66,4.932,23.312,0.0599,0.1994,-13.591,0.14511,0.01577,0.05678,0.05678,0.02839,0.09148,0.02208,0.06309,0.02524,0.08517,0.02524,0.03155,0.03155,0.02839,0.04732,0.05363,0.07256,0.08833,0.00946,0.02208,0.00633,0.01266,0.0,0.0,0.00633,0.0,0.00316,0.00316,0.00949,0.0,0.3218,0.0946,0.1136,-0.0189,0.1861,0.2902,5,4.0377
tr|A6T7Z6|A6T7Z6_KLEP7,fabI,262,27910.75,5.433,22.422,0.0763,0.1962,-6.653,0.14122,0.01527,0.04962,0.06489,0.0458,0.0916,0.01908,0.06489,0.0458,0.08779,0.03435,0.04198,0.03053,0.01145,0.0458,0.06489,0.03817,0.07634,0.00382,0.02672,0.00383,0.00766,0.0,0.0,0.00383,0.0,0.0,0.00383,0.00383,0.00383,0.3397,0.1107,0.1145,-0.0038,0.1565,0.2977,4,4.0383
tr|A6TAI2|A6TAI2_KLEP7,pheT,795,86962.35,5.058,34.617,0.0528,-0.0833,-31.512,0.09308,0.01635,0.06918,0.07925,0.0239,0.08176,0.01887,0.06289,0.04277,0.10692,0.01509,0.03522,0.04277,0.03019,0.06667,0.04403,0.04654,0.0956,0.01006,0.01887,0.00882,0.01259,0.00126,0.0,0.0063,0.0,0.00126,0.00504,0.00252,0.00126,0.3333,0.1283,0.1484,-0.0201,0.156,0.2189,13,4.0665
sp|A6TAI3|SYFA_KLEP7,pheS,327,36798.25,5.502,35.201,0.0887,-0.3382,-11.345,0.08869,0.00306,0.0581,0.07951,0.06116,0.07339,0.03364,0.04587,0.03364,0.0948,0.03058,0.05505,0.05199,0.0367,0.07034,0.03058,0.06116,0.06422,0.00612,0.02141,0.00307,0.0,0.0092,0.0,0.00307,0.00613,0.00307,0.00307,0.0,0.0,0.3242,0.1376,0.1376,0.0,0.1835,0.1927,1,4.1117
tr|A6TAZ4|A6TAZ4_KLEP7,ftsI,582,63366.92,6.506,41.213,0.0687,-0.1174,-4.194,0.08591,0.00344,0.05498,0.04811,0.02921,0.0945,0.02921,0.05326,0.0378,0.0945,0.03265,0.03436,0.06873,0.03952,0.05842,0.0567,0.04983,0.08935,0.01031,0.02921,0.00688,0.00516,0.0,0.0,0.01033,0.00344,0.00516,0.00516,0.00344,0.0,0.3385,0.1254,0.1031,0.0223,0.1804,0.2371,2,4.1141
sp|A6TBK7|SYM_KLEP7,metG,677,76151.72,5.319,33.489,0.1064,-0.2914,-19.488,0.09158,0.01182,0.07238,0.06204,0.05465,0.06499,0.02068,0.0517,0.05908,0.08419,0.0325,0.03988,0.04874,0.04136,0.04727,0.05908,0.04579,0.06056,0.01773,0.03397,0.00444,0.00444,0.00296,0.0,0.00296,0.0,0.00296,0.0,0.00444,0.00444,0.3353,0.127,0.1344,-0.0074,0.1861,0.2157,8,4.1938
tr|A6TBT6|A6TBT6_KLEP7,gyrA,877,97031.05,4.976,34.151,0.0513,-0.2415,-39.282,0.10148,0.00342,0.0764,0.08894,0.0171,0.07298,0.0171,0.07982,0.04333,0.08438,0.02395,0.03763,0.03421,0.02965,0.07754,0.03877,0.05017,0.08894,0.00456,0.02965,0.00685,0.01027,0.0,0.0,0.00114,0.00114,0.00228,0.00799,0.01142,0.00342,0.3284,0.138,0.1653,-0.0274,0.1562,0.2132,3,4.0265
sp|A6TC02|ACCD_KLEP7,accD,306,33435.66,6.916,45.862,0.0523,-0.0856,-0.739,0.10784,0.01961,0.03922,0.08497,0.03268,0.06863,0.01307,0.04248,0.06209,0.09804,0.05556,0.01961,0.06536,0.02941,0.06209,0.07516,0.02941,0.07516,0.00654,0.01307,0.00328,0.01639,0.0,0.0,0.00984,0.00656,0.00328,0.00328,0.00328,0.0,0.3235,0.1373,0.1242,0.0131,0.1536,0.2516,6,4.0614
sp|A6TCI0|ERA_KLEP7,era,301,33882.67,6.474,35.294,0.0631,-0.2279,-2.482,0.07309,0.00332,0.05648,0.08306,0.0299,0.06645,0.02658,0.08306,0.06977,0.08638,0.03322,0.03987,0.03322,0.03322,0.06312,0.05316,0.04651,0.08638,0.00997,0.02326,0.01,0.00333,0.0,0.0,0.00333,0.0,0.00333,0.0,0.00667,0.00333,0.3522,0.1595,0.1395,0.0199,0.1728,0.1927,1,4.1123
tr|A6TE12|A6TE12_KLEP7,parC,752,83620.21,6.169,47.367,0.0505,-0.3266,-8.203,0.09176,0.00266,0.06383,0.0758,0.02261,0.06649,0.02261,0.05718,0.05851,0.11436,0.03989,0.03324,0.05585,0.0359,0.07048,0.05984,0.04255,0.05851,0.00798,0.01995,0.01198,0.00266,0.0,0.0,0.0,0.00533,0.00399,0.00932,0.00666,0.00266,0.3205,0.1516,0.1396,0.012,0.1715,0.2181,2,4.083
tr|A6TE19|A6TE19_KLEP7,parE,631,70074.81,5.437,40.5,0.065,-0.3079,-17.496,0.07765,0.01585,0.06656,0.07607,0.02853,0.07607,0.02219,0.03803,0.0523,0.11252,0.0206,0.03803,0.03962,0.04437,0.06339,0.06181,0.04437,0.08558,0.01268,0.02377,0.0127,0.00476,0.00159,0.0,0.00794,0.00159,0.00635,0.00952,0.00794,0.00794,0.3217,0.1379,0.1426,-0.0048,0.1886,0.2155,10,4.1219
tr|A6TE48|A6TE48_KLEP7,dnaG,581,65518.93,5.734,45.081,0.0792,-0.4003,-9.567,0.0809,0.01205,0.06713,0.0654,0.04131,0.07057,0.01721,0.04131,0.04131,0.12909,0.02582,0.03959,0.0568,0.06024,0.07573,0.04303,0.04991,0.04475,0.00688,0.03098,0.01379,0.00345,0.0,0.0,0.00345,0.00517,0.00345,0.00172,0.0,0.0069,0.3201,0.1343,0.1325,0.0017,0.1928,0.1945,7,4.1092
sp|A6TEK8|MURA_KLEP7,murA,419,44584.74,5.613,29.013,0.043,0.0632,-8.561,0.11456,0.01193,0.05251,0.06444,0.02387,0.10263,0.01909,0.08115,0.04296,0.09308,0.02387,0.03103,0.04057,0.03819,0.05489,0.04296,0.06444,0.07876,0.00716,0.01193,0.00718,0.0,0.0,0.0,0.00957,0.0,0.0,0.0,0.0,0.0,0.3198,0.1169,0.1169,0.0,0.1766,0.2601,5,4.0425
sp|A6TEU8|RPOA_KLEP7,rpoA,329,36465.26,4.982,41.589,0.0304,-0.2122,-18.521,0.07599,0.01216,0.06383,0.10942,0.01216,0.06079,0.02432,0.07295,0.04863,0.1155,0.0152,0.02736,0.04863,0.0304,0.06991,0.04863,0.05471,0.09119,0.00304,0.0152,0.01524,0.0,0.0,0.0,0.0,0.00305,0.00305,0.0061,0.0122,0.0,0.3252,0.1429,0.1733,-0.0304,0.1611,0.1854,4,4.0044
sp|A6TEV5|RS5_KLEP7,rpsE,167,17647.28,10.275,29.671,0.0359,-0.1383,10.406,0.11976,0.0,0.01796,0.05988,0.02395,0.12575,0.02395,0.05988,0.07784,0.05389,0.04192,0.05389,0.02994,0.02994,0.06587,0.04192,0.05389,0.10778,0.0,0.01198,0.0,0.01205,0.0,0.0,0.01205,0.0,0.0,0.00602,0.0,0.00602,0.2994,0.1677,0.0778,0.0898,0.1796,0.2874,0,3.9274
tr|A6TFM3|A6TFM3_KLEP7,waaA,424,47685.97,9.601,42.746,0.0708,-0.0783,10.745,0.08255,0.00472,0.03774,0.05425,0.0283,0.06132,0.03538,0.04717,0.04009,0.14858,0.0283,0.0283,0.05896,0.04009,0.07783,0.05425,0.06132,0.0684,0.01415,0.0283,0.03073,0.00236,0.0,0.0,0.00709,0.0,0.00236,0.00473,0.00236,0.00709,0.3632,0.1533,0.092,0.0613,0.184,0.1981,2,4.0825
tr|A6TG01|A6TG01_KLEP7,gyrB,804,90086.1,5.736,37.376,0.0709,-0.4708,-17.212,0.08085,0.00622,0.07214,0.0796,0.03109,0.07463,0.02488,0.05597,0.06841,0.08831,0.02736,0.0398,0.03731,0.0398,0.06219,0.05224,0.04975,0.06965,0.00746,0.03234,0.00623,0.00623,0.00125,0.0,0.00623,0.00125,0.00249,0.00996,0.00498,0.00374,0.3122,0.1555,0.1517,0.0037,0.1816,0.2077,5,4.1345
tr|A6TG04|A6TG04_KLEP7,dnaA,444,49717.07,9.094,43.754,0.0788,-0.3232,5.52,0.11712,0.0045,0.05405,0.06532,0.04505,0.05405,0.02027,0.05631,0.05405,0.0991,0.01351,0.06532,0.04505,0.03829,0.07883,0.04505,0.04279,0.06757,0.00901,0.02477,0.01354,0.00226,0.00677,0.0,0.00677,0.00226,0.00226,0.00226,0.00226,0.00677,0.3153,0.1532,0.1194,0.0338,0.1914,0.2162,2,4.0806
sp|A6TG41|ATPL_KLEP7,atpE,79,8256.04,4.437,13.975,0.0759,1.2671,-2.719,0.16456,0.0,0.03797,0.02532,0.05063,0.12658,0.0,0.10127,0.01266,0.1519,0.10127,0.02532,0.03797,0.02532,0.02532,0.0,0.01266,0.07595,0.0,0.02532,0.02564,0.0,0.01282,0.0,0.01282,0.0,0.0,0.0,0.0,0.0,0.5063,0.038,0.0633,-0.0253,0.0633,0.2911,0,3.5777
tr|A6TGM9|A6TGM9_KLEP7,murB,342,37852.66,6.008,34.037,0.0819,-0.1553,-6.48,0.10526,0.01754,0.03509,0.07018,0.03509,0.07895,0.03216,0.05848,0.03509,0.09357,0.01462,0.04094,0.04678,0.06725,0.05263,0.04386,0.04971,0.07602,0.02047,0.02632,0.00587,0.00293,0.00293,0.0,0.00293,0.0,0.0,0.0,0.0,0.0,0.3246,0.1199,0.1053,0.0146,0.2018,0.2281,6,4.1486
sp|A6TGP1|RPOC_KLEP7,rpoC,1407,155260.44,6.465,38.147,0.0569,-0.2409,-6.488,0.08742,0.01066,0.05757,0.07818,0.02701,0.08173,0.01421,0.06539,0.06041,0.09879,0.02559,0.03554,0.04051,0.03483,0.07107,0.05046,0.05544,0.07534,0.0064,0.02345,0.00925,0.00569,0.0,0.0,0.0064,0.00071,0.00427,0.00569,0.00356,0.0064,0.322,0.1457,0.1357,0.01,0.1763,0.2196,15,4.0938
sp|A6TH78|RSGA_KLEP7,rsgA,353,39234.71,5.803,38.253,0.0623,-0.3569,-8.463,0.07082,0.01416,0.09065,0.05666,0.03116,0.07649,0.03116,0.06516,0.04816,0.09065,0.01133,0.04249,0.0255,0.03683,0.07649,0.07365,0.04249,0.08499,0.00567,0.0255,0.01136,0.00852,0.0,0.0,0.00284,0.0,0.0,0.00852,0.0,0.0,0.3144,0.1558,0.1473,0.0085,0.1955,0.221,5,4.0943
tr|A6T4F8|A6T4F8_KLEP7,rpsT,61,6734.88,10.354,33.736,0.0492,-0.382,7.336,0.22951,0.0,0.03279,0.03279,0.03279,0.03279,0.03279,0.08197,0.14754,0.04918,0.04918,0.06557,0.01639,0.06557,0.04918,0.0,0.03279,0.03279,0.0,0.01639,0.0,0.0,0.0,0.0,0.0,0.0,0.01667,0.0,0.0,0.0,0.2623,0.2295,0.0656,0.1639,0.1639,0.2623,0,3.6733
tr|A6T4M6|A6T4M6_KLEP7,ftsL,121,13569.6,6.188,33.998,0.0248,0.0041,-2.58,0.06612,0.01653,0.04959,0.08264,0.01653,0.05785,0.04132,0.09917,0.04132,0.13223,0.01653,0.03306,0.02479,0.04959,0.07438,0.04132,0.06612,0.08264,0.00826,0.0,0.01667,0.01667,0.0,0.0,0.0,0.0,0.0,0.0,0.0,0.0,0.3554,0.157,0.1322,0.0248,0.1901,0.1653,2,3.9912
tr|A6T4N6|A6T4N6_KLEP7,ftsQ,276,31300.17,6.931,56.491,0.0725,-0.4931,-0.59,0.08696,0.0,0.05435,0.05797,0.02174,0.06159,0.01449,0.03986,0.03986,0.09783,0.03986,0.05072,0.03986,0.09058,0.07246,0.05797,0.05072,0.07246,0.02536,0.02536,0.00364,0.00364,0.0,0.0,0.0,0.0,0.0,0.00727,0.00364,0.00727,0.3225,0.1268,0.1123,0.0145,0.25,0.2065,0,4.1045
tr|A6T4N7|A6T4N7_KLEP7,ftsA,420,45313.41,5.752,37.844,0.0429,-0.0167,-10.496,0.0881,0.02143,0.04524,0.07619,0.00952,0.09524,0.03095,0.06905,0.04762,0.08571,0.01905,0.03095,0.03333,0.04762,0.05,0.05476,0.04524,0.11667,0.00476,0.02857,0.00477,0.01193,0.0,0.0,0.01432,0.00477,0.0,0.0,0.00716,0.00477,0.3333,0.1286,0.1214,0.0071,0.1786,0.2381,9,4.0633
tr|A6T4N8|A6T4N8_KLEP7,ftsZ,383,40341.43,4.649,25.227,0.0418,-0.0243,-19.613,0.1201,0.0,0.07311,0.06789,0.03394,0.10966,0.00783,0.05744,0.04439,0.07572,0.04178,0.04178,0.03916,0.03655,0.047,0.03394,0.06527,0.09661,0.0,0.00783,0.00785,0.01309,0.00262,0.0,0.01571,0.0,0.00262,0.0,0.00785,0.00524,0.3133,0.0992,0.141,-0.0418,0.1775,0.2637,0,3.9457
sp|A6T4X2|EFTS_KLEP7,tsf,283,30449.61,5.148,28.971,0.0495,-0.142,-9.693,0.13074,0.00707,0.04947,0.11307,0.03534,0.08834,0.0106,0.06007,0.09894,0.06007,0.03534,0.02827,0.01767,0.03887,0.0318,0.0424,0.0318,0.10601,0.0,0.01413,0.00355,0.00355,0.0,0.0,0.00355,0.0,0.01064,0.00355,0.00355,0.0,0.311,0.1413,0.1625,-0.0212,0.1413,0.2615,2,3.9119
sp|A6T4Y3|LPXA_KLEP7,lpxA,262,28095.71,6.45,29.858,0.0573,0.0237,-3.411,0.0916,0.01908,0.04198,0.06107,0.03817,0.1145,0.0458,0.08779,0.03435,0.05725,0.01527,0.05344,0.03435,0.03053,0.05725,0.03817,0.05344,0.10687,0.0,0.01908,0.00766,0.00766,0.00383,0.0,0.01533,0.00383,0.0,0.00383,0.0,0.00383,0.3244,0.1374,0.1031,0.0344,0.1756,0.2443,5,4.0506
sp|A6T4Y4|LPXB_KLEP7,lpxB,383,42436.09,7.626,38.819,0.0653,0.0104,0.381,0.13055,0.01828,0.05744,0.06527,0.03916,0.06266,0.02089,0.04439,0.04961,0.12794,0.03655,0.01828,0.05222,0.03916,0.07572,0.02872,0.03916,0.06789,0.01044,0.01567,0.01832,0.00785,0.0,0.0,0.0,0.0,0.00262,0.00785,0.00524,0.00785,0.342,0.1462,0.1227,0.0235,0.1253,0.2219,7,4.0505
tr|A6T4Y6|A6T4Y6_KLEP7,dnaE,1160,130029.24,5.152,34.242,0.0853,-0.2353,-43.194,0.08362,0.01034,0.07586,0.07586,0.04483,0.08362,0.02155,0.0569,0.04914,0.10431,0.03276,0.02672,0.04655,0.03879,0.06552,0.03707,0.03966,0.06638,0.00776,0.03276,0.00604,0.00345,0.0,0.0,0.00518,0.00173,0.00518,0.00259,0.00518,0.00604,0.3457,0.1362,0.1517,-0.0155,0.1422,0.2043,12,4.1239
tr|A6T5E0|A6T5E0_KLEP7,secD,604,65250.65,6.899,37.823,0.0497,0.1243,-0.687,0.1043,0.00166,0.04801,0.05629,0.02318,0.08113,0.00497,0.09272,0.04636,0.11258,0.02152,0.04967,0.0298,0.04636,0.05795,0.05464,0.06126,0.08113,0.00166,0.02483,0.00663,0.01161,0.0,0.0,0.00498,0.0,0.00498,0.0,0.00498,0.00332,0.3576,0.1093,0.1043,0.005,0.2119,0.2401,1,3.9821
tr|A6T5E1|A6T5E1_KLEP7,secF,323,35488.93,5.718,29.172,0.0836,0.3929,-5.535,0.07121,0.0031,0.04334,0.05263,0.04954,0.08669,0.01858,0.09598,0.03096,0.10836,0.03406,0.02786,0.02786,0.04025,0.04954,0.0743,0.05573,0.09598,0.01548,0.01858,0.00311,0.01242,0.0,0.0,0.00621,0.00311,0.0,0.00311,0.0,0.00621,0.418,0.0991,0.096,0.0031,0.1981,0.2322,1,4.0621
sp|A6T6Y1|IF1_KLEP7,infA,72,8249.49,9.22,37.35,0.0556,-0.3542,1.349,0.02778,0.0,0.04167,0.08333,0.02778,0.06944,0.02778,0.06944,0.06944,0.08333,0.05556,0.05556,0.02778,0.01389,0.08333,0.04167,0.09722,0.09722,0.0,0.02778,0.0,0.01408,0.0,0.0,0.0,0.0,0.0,0.0,0.0,0.0,0.3611,0.1806,0.125,0.0556,0.2083,0.1389,0,4.0009
tr|A6T703|A6T703_KLEP7,rpsA,557,61176.34,4.896,26.92,0.0539,-0.2932,-29.508,0.08259,0.00359,0.07361,0.10952,0.03052,0.08618,0.01436,0.05206,0.0772,0.08079,0.01077,0.04309,0.01795,0.02513,0.05386,0.04668,0.04309,0.12567,0.01077,0.01257,0.0054,0.01799,0.0,0.0,0.0054,0.0,0.0036,0.0054,0.01079,0.00719,0.3232,0.1454,0.1831,-0.0377,0.158,0.2154,2,3.9579
sp|A6T707|LPXK_KLEP7,lpxK,326,35554.8,9.505,34.864,0.0644,0.089,5.404,0.11963,0.00613,0.05828,0.03374,0.01534,0.08589,0.01534,0.03988,0.02454,0.11656,0.02454,0.02147,0.05521,0.04601,0.08589,0.04294,0.04601,0.1135,0.03067,0.0184,0.01846,0.02154,0.00308,0.00615,0.00923,0.00308,0.0,0.00615,0.00615,0.0,0.3589,0.1258,0.092,0.0337,0.1564,0.2485,2,3.9881
tr|A6TAI6|A6TAI6_KLEP7,infC,113,13245.41,9.785,32.387,0.0708,-0.7416,8.283,0.0354,0.0,0.06195,0.0885,0.04425,0.06195,0.00885,0.06195,0.15929,0.07965,0.04425,0.00885,0.02655,0.0708,0.0708,0.04425,0.02655,0.07965,0.0,0.02655,0.0,0.00893,0.0,0.0,0.0,0.0,0.03571,0.0,0.00893,0.0,0.3363,0.2389,0.1504,0.0885,0.1504,0.1416,0,3.9053
sp|A6TBR5|RL25_KLEP7,rplY,94,10580.09,9.52,41.158,0.0851,-0.3298,3.375,0.1383,0.0,0.05319,0.07447,0.05319,0.05319,0.03191,0.05319,0.10638,0.04255,0.02128,0.03191,0.03191,0.04255,0.06383,0.02128,0.03191,0.11702,0.01064,0.02128,0.0,0.02151,0.0,0.0,0.01075,0.0,0.0,0.01075,0.0,0.0,0.3191,0.2021,0.1277,0.0745,0.1277,0.2128,0,3.9801
sp|A6TCD0|DER_KLEP7,der,492,55222.42,5.799,31.726,0.0691,-0.3307,-7.492,0.0752,0.00203,0.0752,0.0752,0.03455,0.07317,0.01626,0.06504,0.05691,0.0874,0.02642,0.04065,0.04472,0.03049,0.07927,0.04472,0.04878,0.08943,0.00813,0.02642,0.01018,0.01629,0.0,0.0,0.00407,0.00407,0.00204,0.00407,0.00611,0.01018,0.3374,0.1524,0.1504,0.002,0.1646,0.1931,1,4.0896
tr|A6TCD3|A6TCD3_KLEP7,hisS,414,45972.42,5.228,26.864,0.0821,-0.2961,-12.562,0.08454,0.00725,0.0628,0.07488,0.02899,0.09903,0.01691,0.0314,0.03382,0.11594,0.01932,0.03382,0.03382,0.04831,0.07488,0.04348,0.05314,0.08454,0.01449,0.03865,0.01211,0.01211,0.0,0.00242,0.00969,0.0,0.00242,0.00242,0.00484,0.00484,0.3333,0.1256,0.1377,-0.0121,0.1787,0.2271,3,4.0686
tr|A6TCI7|A6TCI7_KLEP7,rpoE,191,21719.45,5.382,51.979,0.0785,-0.2942,-3.713,0.08901,0.00524,0.06283,0.08377,0.03665,0.04188,0.00524,0.05759,0.03665,0.09424,0.02094,0.04188,0.04188,0.04712,0.09424,0.0733,0.03141,0.09424,0.01047,0.03141,0.00526,0.01053,0.0,0.0,0.00526,0.01053,0.0,0.01053,0.0,0.0,0.3455,0.1361,0.1466,-0.0105,0.1937,0.2042,1,4.0492
sp|A6TCL4|RL19_KLEP7,rplS,115,13133.07,10.619,44.668,0.0609,-0.527,11.337,0.06087,0.0,0.02609,0.07826,0.03478,0.06957,0.01739,0.06087,0.09565,0.05217,0.01739,0.03478,0.02609,0.05217,0.11304,0.06957,0.03478,0.13043,0.0087,0.01739,0.0,0.02632,0.0,0.0,0.0,0.0,0.00877,0.00877,0.0,0.01754,0.3217,0.2261,0.1043,0.1217,0.1913,0.2,0,3.9661
sp|A6TCL5|TRMD_KLEP7,trmD,255,28465.97,5.308,47.701,0.0667,-0.3502,-11.44,0.07843,0.00784,0.05882,0.0902,0.02353,0.0902,0.03529,0.05882,0.03529,0.1098,0.02745,0.01569,0.05098,0.04314,0.07059,0.05882,0.04706,0.0549,0.01961,0.02353,0.01969,0.0,0.0,0.0,0.01181,0.00394,0.0,0.00787,0.00787,0.0,0.3176,0.1412,0.149,-0.0078,0.1647,0.2275,2,4.1049
sp|A6TCL6|RIMM_KLEP7,rimM,182,20592.18,4.649,27.77,0.0879,-0.2511,-11.676,0.04396,0.01099,0.09341,0.06593,0.02747,0.07692,0.01648,0.07692,0.06593,0.08791,0.02747,0.02747,0.03297,0.05495,0.03297,0.06044,0.04945,0.08791,0.03297,0.02747,0.00552,0.01105,0.0,0.0,0.0,0.0,0.00552,0.0,0.0,0.0,0.3681,0.1154,0.1593,-0.044,0.1923,0.1813,2,4.1361
sp|A6TE47|RS21_KLEP7,rpsU,71,8499.85,11.15,87.245,0.0704,-1.0901,13.279,0.12676,0.01408,0.01408,0.11268,0.04225,0.01408,0.01408,0.01408,0.12676,0.05634,0.01408,0.02817,0.04225,0.0,0.19718,0.02817,0.04225,0.08451,0.0,0.02817,0.0,0.0,0.0,0.0,0.0,0.0,0.01429,0.05714,0.0,0.04286,0.2394,0.338,0.1268,0.2113,0.0986,0.169,1,3.6408
tr|A6TE49|A6TE49_KLEP7,rpoD,613,70396.68,4.686,47.543,0.0506,-0.6263,-45.507,0.0783,0.00489,0.08483,0.12072,0.02447,0.03915,0.01305,0.07015,0.0571,0.08646,0.04405,0.03263,0.031,0.0522,0.07504,0.04731,0.06036,0.0522,0.00653,0.01958,0.00654,0.0,0.0,0.00163,0.0,0.0,0.0049,0.0049,0.0098,0.00163,0.3034,0.1452,0.2055,-0.0604,0.1925,0.1648,3,4.0524
sp|A6TEI4|RS15_KLEP7,rpsO,89,10208.63,10.462,53.927,0.0449,-0.6213,7.454,0.07865,0.0,0.04494,0.06742,0.02247,0.06742,0.05618,0.03371,0.07865,0.13483,0.02247,0.02247,0.0,0.04494,0.1236,0.08989,0.02247,0.06742,0.0,0.02247,0.03409,0.0,0.0,0.0,0.0,0.0,0.01136,0.03409,0.0,0.01136,0.3034,0.2584,0.1124,0.1461,0.1798,0.236,0,3.8547
sp|A6TEI6|RBFA_KLEP7,rbfA,133,15096.28,6.616,46.296,0.0602,-0.3534,-0.693,0.08271,0.0,0.07519,0.08271,0.03759,0.05263,0.00752,0.05263,0.07519,0.08271,0.06015,0.03008,0.03008,0.03759,0.08271,0.06015,0.03759,0.09023,0.0,0.02256,0.00758,0.00758,0.00758,0.0,0.0,0.0,0.0,0.00758,0.01515,0.0,0.3459,0.1654,0.1579,0.0075,0.1654,0.1955,0,4.0135
tr|A6TEJ4|A6TEJ4_KLEP7,secG,109,11205.76,5.564,24.094,0.0734,0.3349,-1.686,0.11009,0.0,0.02752,0.02752,0.05505,0.12844,0.00917,0.06422,0.0367,0.11009,0.04587,0.04587,0.04587,0.04587,0.00917,0.10092,0.07339,0.04587,0.00917,0.00917,0.00926,0.00926,0.00926,0.0,0.0,0.0,0.0,0.0,0.0,0.0,0.3394,0.055,0.055,0.0,0.2661,0.3394,0,3.9047
sp|A6TEK5|RL21_KLEP7,rplU,103,11562.23,9.846,36.844,0.0777,-0.3417,5.413,0.07767,0.0,0.01942,0.09709,0.04854,0.1165,0.03883,0.07767,0.09709,0.02913,0.01942,0.00971,0.00971,0.05825,0.07767,0.02913,0.03883,0.12621,0.00971,0.01942,0.0,0.0098,0.0,0.0,0.01961,0.0,0.0,0.01961,0.0,0.0,0.3301,0.2136,0.1165,0.0971,0.1359,0.2233,0,3.8885
sp|A6TEU9|RS4_KLEP7,rpsD,206,23501.86,10.052,28.203,0.0631,-0.6733,16.322,0.09223,0.00485,0.03883,0.08252,0.01942,0.07282,0.01456,0.03398,0.09709,0.10194,0.02427,0.03883,0.02427,0.04854,0.1068,0.04854,0.02913,0.07767,0.00485,0.03883,0.00976,0.01463,0.0,0.0,0.0,0.0,0.00488,0.00976,0.0,0.00488,0.301,0.2184,0.1214,0.0971,0.165,0.2136,1,4.0013
sp|A6TEV1|RS13_KLEP7,rpsM,118,13210.42,10.759,37.78,0.0254,-0.4017,13.326,0.07627,0.01695,0.0339,0.0678,0.01695,0.09322,0.02542,0.11864,0.09322,0.07627,0.01695,0.02542,0.0339,0.01695,0.12712,0.0339,0.0678,0.05085,0.0,0.00847,0.0,0.00855,0.0,0.0,0.0,0.0,0.00855,0.01709,0.0,0.00855,0.2881,0.2458,0.1017,0.1441,0.1441,0.2034,2,3.9158
sp|A6TEV3|RL15_KLEP7,rplO,144,15134.39,11.151,46.683,0.0347,-0.2951,14.339,0.09722,0.0,0.02083,0.0625,0.02778,0.17361,0.01389,0.0625,0.08333,0.08333,0.02083,0.02083,0.02778,0.02083,0.10417,0.05556,0.04861,0.06944,0.0,0.00694,0.0,0.00699,0.0,0.0,0.03497,0.0,0.00699,0.01399,0.0,0.00699,0.2708,0.2014,0.0833,0.1181,0.1458,0.3264,0,3.8019
sp|A6TEV7|RL6_KLEP7,rplF,177,18843.49,9.71,19.956,0.0508,-0.2,8.33,0.12429,0.00565,0.05085,0.0452,0.01695,0.10734,0.01695,0.03955,0.0904,0.0678,0.0113,0.03955,0.0452,0.03955,0.0565,0.01695,0.06215,0.12994,0.00565,0.02825,0.00568,0.02273,0.0,0.0,0.0,0.0,0.01705,0.00568,0.00568,0.0,0.2994,0.1638,0.096,0.0678,0.1582,0.2486,1,3.9393
sp|A6TEV8|RS8_KLEP7,rpsH,130,14098.38,9.409,30.447,0.0462,-0.0954,4.233,0.10769,0.00769,0.04615,0.06923,0.02308,0.08462,0.0,0.06923,0.1,0.07692,0.04615,0.02308,0.03846,0.03846,0.05385,0.05385,0.04615,0.09231,0.0,0.02308,0.0,0.0155,0.0,0.0,0.00775,0.0,0.0155,0.0,0.00775,0.0,0.3308,0.1538,0.1154,0.0385,0.1615,0.2462,1,3.9756
sp|A6TEW1|RL24_KLEP7,rplX,104,11316.07,10.211,10.208,0.0481,-0.3808,10.29,0.08654,0.0,0.04808,0.05769,0.04808,0.09615,0.00962,0.07692,0.15385,0.03846,0.00962,0.05769,0.02885,0.02885,0.05769,0.04808,0.02885,0.125,0.0,0.0,0.0,0.0,0.00971,0.0,0.00971,0.0,0.01942,0.00971,0.00971,0.00971,0.2981,0.2212,0.1058,0.1154,0.1635,0.2308,0,3.8016
sp|A6TEW6|RS3_KLEP7,rpsC,232,25838.74,10.295,26.96,0.056,-0.3892,17.39,0.10345,0.0,0.03879,0.06897,0.02586,0.0819,0.01724,0.07759,0.09483,0.05603,0.02155,0.03017,0.0431,0.03879,0.09052,0.03879,0.04741,0.09483,0.01724,0.01293,0.0,0.00433,0.0,0.0,0.00866,0.0,0.00866,0.00866,0.0,0.00433,0.306,0.2026,0.1078,0.0948,0.1552,0.2241,0,4.0185
sp|A6TEX3|RS10_KLEP7,rpsJ,103,11766.46,9.854,25.916,0.0291,-0.4524,3.387,0.07767,0.0,0.07767,0.05825,0.01942,0.03883,0.02913,0.08738,0.05825,0.08738,0.01942,0.01942,0.04854,0.05825,0.1165,0.02913,0.07767,0.08738,0.0,0.00971,0.0,0.0,0.0,0.0,0.0,0.0,0.0,0.0,0.0,0.01961,0.3107,0.2039,0.1359,0.068,0.1845,0.1456,0,3.9461
sp|A6TFH4|SYGB_KLEP7,glyS,689,76330.35,5.394,32.573,0.0711,-0.1794,-17.402,0.12772,0.00435,0.06967,0.07692,0.04209,0.05806,0.01742,0.04935,0.05806,0.11176,0.01887,0.03628,0.04209,0.03919,0.06386,0.03628,0.04499,0.07402,0.01016,0.01887,0.01453,0.00581,0.00436,0.0,0.00145,0.00145,0.00145,0.00436,0.00436,0.00436,0.3251,0.1393,0.1466,-0.0073,0.1567,0.2221,3,4.0431
sp|A6TFK4|SECB_KLEP7,secB,155,17190.12,4.233,47.159,0.0968,-0.1406,-13.742,0.09677,0.02581,0.04516,0.08387,0.05806,0.06452,0.0129,0.05161,0.01935,0.08387,0.02581,0.03871,0.04516,0.10323,0.02581,0.04516,0.07097,0.06452,0.00645,0.03226,0.0,0.00649,0.0,0.0,0.00649,0.0,0.0,0.0,0.0,0.0,0.3226,0.0581,0.129,-0.071,0.2581,0.2065,4,4.0976
tr|A6TFL5|A6TFL5_KLEP7,waaF,352,39239.87,8.143,49.091,0.0795,-0.1929,1.426,0.11932,0.01705,0.0483,0.0625,0.02273,0.06534,0.02557,0.0483,0.04545,0.11364,0.03125,0.03409,0.06818,0.03693,0.07102,0.05114,0.02273,0.05966,0.01989,0.03693,0.0114,0.0057,0.00285,0.0,0.0,0.00285,0.00285,0.0057,0.0,0.00285,0.3324,0.142,0.1108,0.0312,0.1449,0.2358,6,4.1217
tr|A6TFL6|A6TFL6_KLEP7,waaC,313,34868.28,8.716,37.055,0.0799,-0.262,1.846,0.14058,0.0,0.04792,0.0607,0.02875,0.0639,0.05112,0.04792,0.04153,0.10224,0.00958,0.01597,0.05112,0.05431,0.07348,0.04473,0.04473,0.07029,0.02556,0.02556,0.01603,0.00641,0.0,0.0,0.00321,0.0,0.0,0.00641,0.0,0.00321,0.3099,0.1661,0.1086,0.0575,0.1597,0.2492,0,4.035
sp|A6TG35|ATPE_KLEP7,atpC,139,15064.17,5.845,29.144,0.0432,-0.0871,-4.513,0.1223,0.0,0.04317,0.09353,0.01439,0.08633,0.04317,0.07914,0.07194,0.09353,0.03597,0.0,0.02878,0.05036,0.03597,0.05755,0.04317,0.07194,0.0,0.02878,0.00725,0.00725,0.0,0.0,0.00725,0.0,0.00725,0.0,0.00725,0.00725,0.3237,0.1511,0.1367,0.0144,0.1511,0.2662,0,3.9203
sp|A6TG39|ATPD_KLEP7,atpH,177,19530.28,4.956,31.104,0.0452,0.0277,-7.693,0.13559,0.0113,0.0565,0.09605,0.0339,0.03955,0.0113,0.0678,0.05085,0.10169,0.03955,0.0452,0.01695,0.0452,0.06215,0.0678,0.01695,0.0904,0.00565,0.00565,0.00568,0.0,0.0,0.0,0.0,0.0,0.0,0.0,0.01136,0.00568,0.3446,0.1243,0.1525,-0.0282,0.1751,0.2429,2,3.9606
sp|A6TG40|ATPF_KLEP7,atpF,154,17129.53,5.724,50.045,0.039,-0.2805,-1.757,0.19481,0.00649,0.05844,0.11039,0.01948,0.01948,0.0,0.09091,0.0974,0.07143,0.01948,0.02597,0.01299,0.07143,0.06494,0.03247,0.01948,0.06494,0.01299,0.00649,0.0,0.0,0.0,0.0,0.0,0.00654,0.01307,0.00654,0.01307,0.01961,0.2857,0.1623,0.1688,-0.0065,0.1494,0.2468,1,3.7453
sp|A6TG42|ATP6_KLEP7,atpB,266,29952.51,6.789,42.059,0.1316,0.8188,-1.378,0.05639,0.0,0.03008,0.02632,0.08271,0.06767,0.03759,0.09398,0.03759,0.15038,0.04887,0.03759,0.04887,0.02256,0.01504,0.06015,0.04511,0.09023,0.02632,0.02256,0.01887,0.00755,0.00377,0.00377,0.00377,0.0,0.00377,0.0,0.0,0.0,0.515,0.0902,0.0564,0.0338,0.1654,0.1842,0,4.0102
tr|A6TGC3|A6TGC3_KLEP7,ftsN,284,31903.55,9.541,50.838,0.0458,-0.9215,6.402,0.12324,0.00704,0.01761,0.07394,0.01761,0.05282,0.01761,0.03169,0.0493,0.05634,0.02817,0.03521,0.07394,0.16901,0.0669,0.02113,0.08099,0.0493,0.01761,0.01056,0.00707,0.00353,0.0,0.0,0.00707,0.00707,0.00707,0.0,0.00353,0.0,0.2113,0.1338,0.0915,0.0423,0.3063,0.1972,2,3.9227
tr|A6TGF1|A6TGF1_KLEP7,murI,260,28961.29,5.553,57.235,0.0731,0.0769,-5.672,0.10385,0.01538,0.02692,0.1,0.03846,0.05385,0.01538,0.04615,0.03077,0.13846,0.01538,0.02692,0.06923,0.02692,0.07692,0.03846,0.05385,0.08846,0.00769,0.02692,0.01931,0.01544,0.0,0.0,0.00386,0.00386,0.0,0.01158,0.00386,0.00386,0.3615,0.1231,0.1269,-0.0038,0.1462,0.1962,4,3.9958
tr|A6TGN3|A6TGN3_KLEP7,secE,127,13615.23,10.859,18.525,0.063,0.9488,5.315,0.14961,0.0,0.01575,0.03937,0.0315,0.07874,0.00787,0.09449,0.0315,0.13386,0.0315,0.01575,0.00787,0.01575,0.07087,0.0315,0.08661,0.12598,0.02362,0.00787,0.01587,0.00794,0.0,0.0,0.00794,0.0,0.0,0.0,0.0,0.0,0.4488,0.1102,0.0551,0.0551,0.1496,0.2598,0,3.7494
sp|A6TGN6|RL1_KLEP7,rplA,234,24744.31,9.644,4.049,0.0299,-0.1513,8.312,0.1453,0.0,0.05556,0.05128,0.01709,0.08547,0.00855,0.04701,0.09829,0.07265,0.02991,0.05556,0.02991,0.03846,0.04701,0.02991,0.05983,0.11538,0.0,0.01282,0.00858,0.00858,0.0,0.0,0.0,0.0,0.01288,0.0,0.0,0.00429,0.2949,0.1538,0.1068,0.047,0.1838,0.2607,0,3.8866
sp|A6TGN8|RL10_KLEP7,rplJ,165,17800.48,9.038,27.124,0.0545,0.0333,2.279,0.18788,0.00606,0.03636,0.09091,0.03636,0.05455,0.00606,0.0303,0.07273,0.09091,0.03636,0.01818,0.02424,0.02424,0.07273,0.03636,0.06061,0.09697,0.0,0.01818,0.0061,0.01829,0.0,0.0,0.0,0.0,0.0,0.0061,0.0,0.0,0.3091,0.1515,0.1273,0.0242,0.1394,0.2788,1,3.8407
tr|A6TGW0|A6TGW0_KLEP7,dnaB,471,52464.53,4.946,54.016,0.0531,-0.4217,-19.504,0.08705,0.0,0.07856,0.07856,0.02548,0.06369,0.01274,0.07219,0.03609,0.09554,0.02972,0.04246,0.04459,0.04883,0.08068,0.07431,0.04459,0.05732,0.00637,0.02123,0.00426,0.00638,0.0,0.0,0.00638,0.00213,0.00213,0.00213,0.00851,0.00426,0.3079,0.1295,0.1571,-0.0276,0.2102,0.2251,0,4.0514
sp|A6THB1|RS6_KLEP7,rpsF,131,15116.74,5.25,60.715,0.0687,-0.7397,-8.494,0.1145,0.0,0.0687,0.12214,0.03053,0.03817,0.0458,0.05344,0.03817,0.03817,0.05344,0.03817,0.03817,0.03053,0.0916,0.03817,0.05344,0.0687,0.00763,0.03053,0.0,0.0,0.0,0.0,0.0,0.0,0.0,0.02308,0.01538,0.0,0.2824,0.1756,0.1908,-0.0153,0.1603,0.1908,0,4.0502
sp|A6THB4|RL9_KLEP7,rplI,149,15792.88,6.16,16.246,0.047,0.0859,-1.653,0.16107,0.0,0.04027,0.08725,0.04027,0.07383,0.01342,0.04698,0.07383,0.08054,0.00671,0.0604,0.02013,0.03356,0.04698,0.04027,0.02685,0.14094,0.0,0.00671,0.00676,0.00676,0.00676,0.0,0.0,0.0,0.00676,0.00676,0.00676,0.0,0.3221,0.1342,0.1275,0.0067,0.1611,0.2752,0,3.7948
tr|A6THR4|A6THR4_KLEP7,trpS,335,37032.04,6.761,48.801,0.0448,-0.2081,-2.249,0.08358,0.01194,0.04478,0.0597,0.02388,0.06866,0.04776,0.04776,0.03881,0.13134,0.02687,0.03881,0.04478,0.06269,0.0597,0.05075,0.06866,0.06866,0.0,0.0209,0.01198,0.00299,0.0,0.0,0.00299,0.0,0.0,0.00299,0.0,0.00299,0.3194,0.1463,0.1045,0.0418,0.2209,0.203,4,4.0801
tr|A6THX3|A6THX3_KLEP7,dnaC,247,28473.45,8.73,44.824,0.0648,-0.5255,2.34,0.05668,0.01215,0.04049,0.09312,0.03239,0.06478,0.01619,0.06073,0.05668,0.09312,0.06478,0.06883,0.02024,0.04049,0.08907,0.06883,0.04049,0.04858,0.01215,0.02024,0.02439,0.0,0.0,0.0,0.0,0.0,0.0,0.00407,0.00407,0.00813,0.332,0.1619,0.1336,0.0283,0.2186,0.1903,3,4.1193
tr|A6TGT5|A6TGT5_KLEP7,lpxD,151,16241.36,6.084,26.918,0.0728,0.098,-1.771,0.06623,0.03311,0.05298,0.04636,0.03974,0.12583,0.01325,0.09272,0.02649,0.05298,0.01325,0.0596,0.03311,0.03311,0.06623,0.05298,0.04636,0.11258,0.01325,0.01987,0.00667,0.02667,0.0,0.0,0.0,0.0,0.0,0.00667,0.0,0.0,0.3444,0.106,0.0993,0.0066,0.1921,0.245,5,4.0671
tr|A6TH28|A6TH28_KLEP7,groEL,318,35284.61,5.018,36.889,0.0723,-0.1651,-12.553,0.05975,0.00314,0.08176,0.05975,0.03459,0.06289,0.01887,0.08805,0.05346,0.09119,0.01572,0.05031,0.04403,0.02201,0.05031,0.07547,0.06918,0.08176,0.00943,0.0283,0.00631,0.00946,0.0,0.0,0.00946,0.0,0.00946,0.0,0.01262,0.00315,0.3491,0.1226,0.1415,-0.0189,0.217,0.1981,1,4.0839
